date,open,high,low,close,volume,day_diff
2014-01-02,398.8,399.36,394.02,397.97,2140246,-0.8299999999999841
2014-01-03,398.29,402.71,396.22,396.44,2213512,-1.8500000000000227
2014-01-06,395.85,397.0,388.42,393.63,3172207,-2.2200000000000273
2014-01-07,395.04,398.47,394.29,398.03,1916684,2.9899999999999523
2014-01-08,398.47,403.0,396.04,401.92,2316903,3.4499999999999886
2014-01-09,403.71,406.89,398.44,401.01,2103793,-2.6999999999999886
2014-01-10,402.53,403.764,393.8,397.66,2681701,-4.869999999999948
2014-01-13,397.98,399.78,388.45,390.98,2846507,-7.0
2014-01-14,392.13,398.63,391.29,397.54,2340401,5.410000000000025
2014-01-15,398.94,399.31,392.534,395.87,2678794,-3.069999999999993
2014-01-16,393.68,399.29,389.41,395.8,2602506,2.1200000000000045
2014-01-17,394.26,403.49,393.66,399.61,4508791,5.350000000000023
2014-01-21,403.0,407.8,401.6,407.05,3122705,4.050000000000011
2014-01-22,408.0,408.06,402.0,404.54,2069759,-3.4599999999999795
2014-01-23,401.0,406.17,397.79,399.87,3026272,-1.1299999999999955
2014-01-24,398.16,400.2,387.27,387.6,4513038,-10.560000000000002
2014-01-27,390.5,394.1,380.49,386.28,3944752,-4.220000000000027
2014-01-28,387.4,394.74,387.12,394.43,2901611,7.03000000000003
2014-01-29,392.16,392.85,383.24,384.2,3399294,-7.960000000000036
2014-01-30,393.77,406.25,387.7,403.01,10900116,9.240000000000009
2014-01-31,371.76,375.45,357.76,358.69,16181519,-13.069999999999993
2014-02-03,358.98,360.85,340.1,346.15,10290934,-12.830000000000041
2014-02-04,349.59,353.9975,344.02,347.95,4821177,-1.6399999999999864
2014-02-05,346.0,349.37,337.73,346.45,4439010,0.44999999999998863
2014-02-06,347.403,354.82,347.403,354.59,3340542,7.186999999999955
2014-02-07,358.98,361.8,352.49,361.08,4347189,2.099999999999966
2014-02-10,361.61,365.0,359.35,360.87,3451093,-0.7400000000000091
2014-02-11,361.842,363.61,356.25,361.79,3225200,-0.051999999999964075
2014-02-12,356.43,357.75,346.32,349.25,6599199,-7.180000000000007
2014-02-13,347.7,357.2,346.5,357.2,4181445,9.5
2014-02-14,359.34,359.34,353.35,357.35,3524570,-1.9899999999999523
2014-02-18,355.28,355.73,349.45,353.65,5000493,-1.6299999999999955
2014-02-19,352.64,354.54,346.1,347.38,4175393,-5.259999999999991
2014-02-20,348.8,350.46,344.38,349.8,3496663,1.0
2014-02-21,352.44,354.141,346.75,346.76,4212144,-5.680000000000007
2014-02-24,345.19,353.0,343.29,351.78,3647182,6.589999999999975
2014-02-25,353.0,361.08,351.58,358.32,3747076,5.319999999999993
2014-02-26,359.86,364.75,357.17,359.8,3622506,-0.060000000000002274
2014-02-27,357.22,360.59,355.5,360.13,3105442,2.909999999999968
2014-02-28,360.6,365.865,357.084,362.1,3885207,1.5
2014-03-03,358.735,360.96,354.48,359.78,2798230,1.044999999999959
2014-03-04,363.9,365.68,362.46,363.9,2706843,0.0
2014-03-05,364.13,372.728,363.9,372.37,3862706,8.240000000000009
2014-03-06,374.05,375.33,368.9,372.16,2927497,-1.8899999999999864
2014-03-07,374.58,374.99,369.531,372.06,2280358,-2.519999999999982
2014-03-10,372.69,372.73,367.0,370.53,2107820,-2.160000000000025
2014-03-11,370.99,372.8,367.28,368.82,2248019,-2.170000000000016
2014-03-12,366.4,371.16,363.61,370.64,2219663,4.240000000000009
2014-03-13,376.62,383.11,368.08,371.51,6829047,-5.110000000000014
2014-03-14,372.8,378.568,371.55,373.74,4402220,0.9399999999999977
2014-03-17,375.72,378.85,374.88,375.04,2306821,-0.6800000000000068
2014-03-18,377.32,379.0,375.0,378.77,2483508,1.4499999999999886
2014-03-19,378.77,379.0,369.42,373.23,2646687,-5.539999999999964
2014-03-20,370.64,373.0,366.22,368.97,2558460,-1.669999999999959
2014-03-21,371.0,372.84,358.4,360.62,5417935,-10.379999999999995
2014-03-24,360.09,361.5,348.6,351.85,4879627,-8.239999999999952
2014-03-25,354.03,358.97,348.84,354.71,4455703,0.6800000000000068
2014-03-26,357.13,357.6,343.4,343.41,4120665,-13.71999999999997
2014-03-27,343.15,343.9999,330.88,338.47,5770462,-4.67999999999995
2014-03-28,340.05,347.0,336.08,338.29,3986782,-1.759999999999991
2014-03-31,342.4,346.29,334.06,336.365,4297487,-6.034999999999968
2014-04-01,338.09,344.43,338.0,342.99,3602899,4.900000000000034
2014-04-02,345.99,348.295,340.38,341.96,4465927,-4.03000000000003
2014-04-03,341.82,342.5,328.46,333.62,6399299,-8.199999999999989
2014-04-04,335.15,335.44,315.61,323.0,12534578,-12.149999999999977
2014-04-07,320.99,324.94,313.13,317.76,7077360,-3.230000000000018
2014-04-08,321.88,328.0,318.44,327.07,6585583,5.189999999999998
2014-04-09,328.47,332.18,322.5,331.805,5058664,3.3349999999999795
2014-04-10,330.6,331.0,316.5,317.11,6133376,-13.490000000000009
2014-04-11,314.0,316.5,309.5,311.73,7292028,-2.269999999999982
2014-04-14,317.67,320.48,311.28,315.91,4293532,-1.759999999999991
2014-04-15,316.7,318.28,305.5,316.08,5399337,-0.6200000000000045
2014-04-16,321.17,324.0,314.71,323.68,4285901,2.509999999999991
2014-04-17,319.76,328.66,319.76,324.91,4300378,5.150000000000034
2014-04-21,323.97,331.1499,322.31,330.87,3000598,6.899999999999977
2014-04-22,332.0,337.5,328.94,329.32,3714288,-2.680000000000007
2014-04-23,333.06,333.13,323.39,324.58,3604586,-8.480000000000018
2014-04-24,329.67,337.4,322.95,337.15,9293735,7.479999999999961
2014-04-25,316.25,316.49,302.71,303.83,16186737,-12.420000000000016
2014-04-28,304.0,304.39,288.0,296.58,14479803,-7.420000000000016
2014-04-29,296.44,301.84,290.45,300.38,6510591,3.9399999999999977
2014-04-30,298.1,304.56,298.1,304.13,4090006,6.029999999999973
2014-05-01,304.13,310.48,304.0,307.89,4329167,3.759999999999991
2014-05-02,310.42,313.29,304.31,308.01,3995218,-2.410000000000025
2014-05-05,306.37,310.23,305.0,310.05,2520300,3.680000000000007
2014-05-06,309.53,309.81,297.04,297.38,4682327,-12.149999999999977
2014-05-07,295.56,296.4,286.68,292.71,7016937,-2.8500000000000227
2014-05-08,290.82,295.8784,287.23,288.32,3848996,-2.5
2014-05-09,290.57,293.68,284.38,292.24,4062984,1.670000000000016
2014-05-12,294.3,303.34,294.16,302.86,3735443,8.560000000000002
2014-05-13,302.6,305.6,300.75,304.64,3509937,2.0399999999999636
2014-05-14,302.5,304.64,296.66,297.62,3328414,-4.8799999999999955
2014-05-15,298.02,299.2,290.38,295.19,4299530,-2.829999999999984
2014-05-16,292.8,298.88,291.55,297.7,3637649,4.899999999999977
2014-05-19,295.76,299.0,293.81,296.755,2286313,0.9950000000000045
2014-05-20,297.1,304.46,296.75,301.19,4096308,4.089999999999975
2014-05-21,302.21,305.96,301.5201,305.01,3409200,2.8000000000000114
2014-05-22,305.05,308.54,303.01,304.91,2576888,-0.13999999999998636
2014-05-23,305.46,312.35,304.9,312.24,3055997,6.78000000000003
2014-05-27,314.41,314.6296,307.38,310.82,4864163,-3.590000000000032
2014-05-28,309.5,313.82,307.42,310.16,2726803,0.660000000000025
2014-05-29,310.42,314.87,310.2,313.78,2365679,3.359999999999957
2014-05-30,314.43,314.65,307.57,312.55,4260624,-1.8799999999999955
2014-06-02,312.59,312.6,307.0,308.84,2205909,-3.75
2014-06-03,305.75,307.92,305.07,307.19,2379273,1.4399999999999977
2014-06-04,306.85,309.5,303.84,306.78,2111176,-0.07000000000005002
2014-06-05,308.1,327.94,306.9,323.57,7803760,15.46999999999997
2014-06-06,325.0,330.88,324.93,329.67,5246723,4.670000000000016
2014-06-09,331.57,333.0,325.65,327.5,3212755,-4.069999999999993
2014-06-10,327.65,335.5,327.5,332.41,3668904,4.760000000000048
2014-06-11,336.0,340.7199,333.8772,335.2,4439178,-0.8000000000000114
2014-06-12,335.55,335.55,324.66,325.91,4276316,-9.639999999999986
2014-06-13,327.05,329.298,323.5262,326.27,2766909,-0.7800000000000296
2014-06-16,324.86,328.6945,323.52,327.62,2449843,2.759999999999991
2014-06-17,327.54,331.34,325.23,325.62,2924058,-1.920000000000016
2014-06-18,328.0,335.75,325.0,334.38,6409334,6.3799999999999955
2014-06-19,335.255,338.9,325.98,327.0,5327002,-8.254999999999995
2014-06-20,327.76,328.22,320.42,324.2,6056210,-3.5600000000000023
2014-06-23,323.33,327.55,321.41,327.24,2609628,3.910000000000025
2014-06-24,327.54,329.73,322.738,324.16,2627978,-3.3799999999999955
2014-06-25,324.33,328.15,321.74,327.44,2328006,3.1100000000000136
2014-06-26,328.49,328.65,322.13,325.69,2699908,-2.8000000000000114
2014-06-27,325.88,326.52,323.27,324.57,2419626,-1.3100000000000023
2014-06-30,324.98,326.98,322.24,324.78,2672165,-0.20000000000004547
2014-07-01,325.86,333.2,325.1,332.39,3178548,6.529999999999973
2014-07-02,333.2,336.76,331.66,332.85,2681578,-0.3499999999999659
2014-07-03,334.83,338.3,333.08,337.492,1944300,2.6620000000000346
2014-07-07,337.5,337.55,332.52,333.55,2130028,-3.9499999999999886
2014-07-08,333.1,333.7397,321.4,323.81,4275447,-9.29000000000002
2014-07-09,324.71,330.2,323.15,329.97,3167133,5.260000000000048
2014-07-10,324.34,329.98,322.65,327.92,2665753,3.580000000000041
2014-07-11,334.71,347.0,334.71,346.2,8309079,11.490000000000009
2014-07-14,347.03,355.77,345.356,355.32,5615482,8.29000000000002
2014-07-15,353.72,355.59,349.4,354.44,4176758,0.7199999999999704
2014-07-16,355.62,359.32,353.0,355.9,3505023,0.2799999999999727
2014-07-17,353.44,356.96,351.38,352.454,3640290,-0.98599999999999
2014-07-18,354.4,359.68,352.08,358.66,3410032,4.260000000000048
2014-07-21,358.1,361.71,356.72,359.76,2282741,1.6599999999999682
2014-07-22,355.25,362.93,355.25,360.84,2889366,5.589999999999975
2014-07-23,359.05,360.63,356.62,358.14,2688761,-0.910000000000025
2014-07-24,359.98,364.85,358.52,358.61,7088655,-1.3700000000000045
2014-07-25,317.3,324.87,314.76,324.01,17855141,6.7099999999999795
2014-07-28,324.25,324.82,316.5,320.41,5933999,-3.839999999999975
2014-07-29,321.98,322.8999,319.5,320.0,2885644,-1.9800000000000182
2014-07-30,321.45,322.73,318.5,322.51,3973213,1.0600000000000023
2014-07-31,320.01,320.6836,311.86,312.99,5193770,-7.019999999999982
2014-08-01,313.69,315.83,304.588,307.06,7443091,-6.6299999999999955
2014-08-04,308.84,316.18,308.5,313.65,4208660,4.810000000000002
2014-08-05,313.3,314.55,310.06,312.32,2856294,-0.9800000000000182
2014-08-06,310.83,315.78,310.2,313.89,2297476,3.0600000000000023
2014-08-07,315.21,315.8774,309.655,311.45,2936913,-3.759999999999991
2014-08-08,311.94,317.32,310.66,316.8,2708416,4.860000000000014
2014-08-11,318.48,320.38,316.88,318.33,2472819,-0.1500000000000341
2014-08-12,318.89,321.31,316.95,319.32,1916143,0.4300000000000068
2014-08-13,327.6,331.72,326.14,326.28,4938152,-1.32000000000005
2014-08-14,327.8,334.09,326.71,333.21,3420646,5.409999999999968
2014-08-15,334.0,335.0,328.32,333.63,3897928,-0.37000000000000455
2014-08-18,335.48,337.8,333.77,334.53,2488186,-0.9500000000000455
2014-08-19,334.87,335.81,333.01,335.13,1714120,0.2599999999999909
2014-08-20,334.68,337.16,334.022,335.78,1811462,1.099999999999966
2014-08-21,336.48,336.582,332.23,332.91,1975792,-3.569999999999993
2014-08-22,332.99,334.08,330.8,331.59,2212965,-1.400000000000034
2014-08-25,333.21,336.77,332.71,334.02,1960978,0.8100000000000023
2014-08-26,337.0,344.36,334.55,341.83,3654702,4.829999999999984
2014-08-27,342.09,346.67,341.34,343.18,2961767,1.0900000000000318
2014-08-28,340.0,341.79,338.8,340.02,2254725,0.01999999999998181
2014-08-29,341.76,341.8199,337.68,339.04,1939848,-2.7199999999999704
2014-09-02,339.98,342.5,337.1587,342.38,2328881,2.3999999999999773
2014-09-03,342.54,343.27,337.55,339.0,1998540,-3.5400000000000205
2014-09-04,343.69,349.38,343.58,345.95,3965557,2.259999999999991
2014-09-05,346.3,346.827,342.5,346.38,2111220,0.07999999999998408
2014-09-08,344.54,345.81,339.04,342.34,2960693,-2.2000000000000455
2014-09-09,341.61,341.76,329.18,329.75,4646832,-11.860000000000014
2014-09-10,334.3,334.98,328.82,331.33,3798904,-2.9700000000000273
2014-09-11,329.94,333.01,326.39,330.52,2721893,0.5799999999999841
2014-09-12,329.56,332.89,328.79,331.19,3429727,1.6299999999999955
2014-09-15,330.91,331.33,319.0,323.89,4006918,-7.020000000000039
2014-09-16,321.07,329.48,320.1,327.76,3265860,6.689999999999998
2014-09-17,327.76,328.0,321.52,324.0,4138950,-3.759999999999991
2014-09-18,325.44,327.1,323.7105,325.0,2577706,-0.4399999999999977
2014-09-19,327.6,332.7559,325.57,331.32,6886382,3.7199999999999704
2014-09-22,328.49,329.49,321.06,324.5,3118649,-3.990000000000009
2014-09-23,322.46,327.6,321.25,323.63,2353590,1.170000000000016
2014-09-24,324.17,329.44,319.56,328.21,2647232,4.039999999999964
2014-09-25,327.99,328.54,321.4,321.93,2934944,-6.060000000000002
2014-09-26,320.6,323.5,317.64,323.21,3639155,2.609999999999957
2014-09-29,320.5,323.75,319.0,321.82,1929589,1.3199999999999932
2014-09-30,321.36,323.43,318.51,322.44,2639967,1.079999999999984
2014-10-01,322.04,322.165,315.55,317.46,3096735,-4.580000000000041
2014-10-02,316.92,318.53,311.31,318.41,3553944,1.490000000000009
2014-10-03,320.36,325.16,319.53,322.74,3037891,2.3799999999999955
2014-10-06,323.5,324.13,319.6,322.2,2294194,-1.3000000000000114
2014-10-07,319.43,322.0,316.67,316.98,2365698,-2.4499999999999886
2014-10-08,316.58,324.11,314.14,322.7,3458960,6.1200000000000045
2014-10-09,321.49,322.271,314.52,315.37,3589464,-6.1200000000000045
2014-10-10,314.02,317.77,311.38,311.39,3684314,-2.6299999999999955
2014-10-13,309.87,313.2,303.47,306.45,4369850,-3.420000000000016
2014-10-14,308.0,312.24,305.75,308.31,3385809,0.3100000000000023
2014-10-15,304.35,307.9,299.102,305.97,5348254,1.6200000000000045
2014-10-16,293.83,306.82,293.83,302.86,4731866,9.03000000000003
2014-10-17,307.15,309.2,302.72,303.64,4409218,-3.509999999999991
2014-10-20,302.95,306.53,302.02,306.21,3239490,3.259999999999991
2014-10-21,309.9,315.64,307.07,315.33,3563351,5.430000000000007
2014-10-22,315.43,318.98,312.64,312.97,3130049,-2.4599999999999795
2014-10-23,313.4,316.8,311.4,313.18,9038193,-0.21999999999997044
2014-10-24,284.4,293.81,284.0,287.06,19805911,2.660000000000025
2014-10-27,285.7,290.42,285.02,289.97,5950594,4.270000000000039
2014-10-28,289.76,298.0,289.76,295.59,5576646,5.829999999999984
2014-10-29,299.11,299.61,293.0701,294.12,4883259,-4.990000000000009
2014-10-30,293.98,299.74,292.36,299.07,4055155,5.089999999999975
2014-10-31,305.15,305.72,301.5,305.46,4551795,0.3100000000000023
2014-11-03,306.24,308.01,303.24,305.72,3244150,-0.5199999999999818
2014-11-04,303.99,304.25,300.17,302.81,3427384,-1.1800000000000068
2014-11-05,303.01,304.0,294.16,296.52,4674492,-6.490000000000009
2014-11-06,296.69,297.0,292.29,296.64,3758121,-0.05000000000001137
2014-11-07,297.82,299.99,296.29,299.86,2647352,2.0400000000000205
2014-11-10,300.0,305.799,300.0,305.11,2809056,5.110000000000014
2014-11-11,305.94,312.38,303.646,312.01,3807333,6.069999999999993
2014-11-12,310.75,312.58,308.79,311.51,2182982,0.7599999999999909
2014-11-13,312.0,317.89,311.51,316.48,3686428,4.480000000000018
2014-11-14,317.12,332.88,316.401,327.82,8877785,10.699999999999989
2014-11-17,326.44,328.0,318.03,323.05,4784933,-3.3899999999999864
2014-11-18,323.99,329.56,323.25,324.93,3551161,0.9399999999999977
2014-11-19,327.25,328.4,324.02,326.54,3281614,-0.7099999999999795
2014-11-20,324.0,332.67,323.33,330.54,3436721,6.5400000000000205
2014-11-21,335.42,338.33,331.47,332.63,4466587,-2.7900000000000205
2014-11-24,334.78,337.39,333.6,335.64,2754186,0.8600000000000136
2014-11-25,335.27,336.3325,331.28,335.04,2564989,-0.22999999999996135
2014-11-26,333.78,334.65,331.75,333.57,1985949,-0.20999999999997954
2014-11-28,336.03,341.26,336.03,338.64,3051798,2.6100000000000136
2014-12-01,338.12,340.64,325.93,326.0,4944861,-12.120000000000005
2014-12-02,327.5,327.93,323.25,326.31,2790257,-1.1899999999999977
2014-12-03,325.73,326.77,314.36,316.5,5689904,-9.230000000000018
2014-12-04,315.53,318.59,313.47,316.93,3296642,1.400000000000034
2014-12-05,316.8,316.93,310.84,312.63,3265214,-4.170000000000016
2014-12-08,311.57,316.56,304.821,306.64,3639180,-4.930000000000007
2014-12-09,302.99,313.639,301.14,312.5,4049506,9.509999999999991
2014-12-10,312.0,313.19,304.68,305.84,3245890,-6.160000000000025
2014-12-11,307.89,312.64,306.01,307.36,3272919,-0.5299999999999727
2014-12-12,303.99,310.6399,303.01,307.32,3162322,3.329999999999984
2014-12-15,308.87,310.86,302.15,306.07,3841577,-2.8000000000000114
2014-12-16,304.35,304.49,295.01,295.06,6501252,-9.29000000000002
2014-12-17,296.37,299.67,293.03,298.88,4433505,2.509999999999991
2014-12-18,304.01,304.5,293.25,297.73,7738067,-6.279999999999973
2014-12-19,296.91,301.54,295.52,299.9,8709129,2.9899999999999523
2014-12-22,301.94,307.36,301.94,306.54,4003827,4.600000000000023
2014-12-23,306.98,307.49,303.252,306.285,2718359,-0.6949999999999932
2014-12-24,306.38,307.0,302.875,303.03,1518107,-3.3500000000000227
2014-12-26,305.0,310.7799,303.81,309.09,2893801,4.089999999999975
2014-12-29,307.85,314.27,306.58,312.04,3009046,4.189999999999998
2014-12-30,309.91,313.94,309.34,310.3,2093023,0.38999999999998636
2014-12-31,311.55,312.98,310.01,310.35,2057766,-1.1999999999999886
2015-01-02,312.58,314.75,306.9601,308.52,2788101,-4.060000000000002
2015-01-05,307.01,308.38,300.85,302.19,2774231,-4.819999999999993
2015-01-06,302.24,303.0,292.38,295.29,3519034,-6.949999999999989
2015-01-07,297.5,301.28,295.33,298.42,2640349,0.9200000000000159
2015-01-08,300.32,303.14,296.11,300.46,3088398,0.13999999999998636
2015-01-09,301.48,302.87,296.68,296.93,2592360,-4.550000000000011
2015-01-12,297.56,298.51,289.281,291.41,3421392,-6.149999999999977
2015-01-13,297.48,301.4976,293.23,294.74,4136442,-2.740000000000009
2015-01-14,291.93,295.91,286.503,293.27,5538666,1.339999999999975
2015-01-15,294.0,295.9995,286.815,286.95,4419196,-7.050000000000011
2015-01-16,286.28,290.79,285.25,290.74,3478176,4.460000000000036
2015-01-20,292.59,293.3599,286.39,289.44,3075081,-3.1499999999999773
2015-01-21,289.64,306.0,287.26,297.25,10065076,7.610000000000014
2015-01-22,300.0,312.25,300.0,310.32,5362640,10.319999999999993
2015-01-23,308.08,316.93,307.72,312.39,4496419,4.310000000000002
2015-01-26,311.82,313.0,307.5201,309.66,3169665,-2.159999999999968
2015-01-27,306.3,310.243,302.625,306.75,2920315,0.44999999999998863
2015-01-28,309.81,311.51,303.8,303.91,3063774,-5.899999999999977
2015-01-29,304.73,312.8,299.33,311.78,8656567,7.0499999999999545
2015-01-30,346.32,359.5,340.74,354.53,23856060,8.20999999999998
2015-02-02,350.05,365.0,350.01,364.47,10231914,14.420000000000016
2015-02-03,360.29,367.817,360.21,363.55,6212565,3.259999999999991
2015-02-04,358.38,367.5,358.23,364.75,4169927,6.3700000000000045
2015-02-05,366.0,378.8,365.9,373.89,7247605,7.889999999999986
2015-02-06,374.87,375.9899,371.01,374.28,3892382,-0.5900000000000318
2015-02-09,371.0,374.41,367.2,370.56,2724630,-0.4399999999999977
2015-02-10,371.19,374.3,368.51,372.995,2287232,1.8050000000000068
2015-02-11,371.23,377.1,371.1,375.14,2786523,3.909999999999968
2015-02-12,375.1,378.51,373.15,377.17,2791050,2.069999999999993
2015-02-13,378.41,383.0,377.01,381.83,3475069,3.419999999999959
2015-02-17,377.72,379.985,372.67,375.43,3673208,-2.2900000000000205
2015-02-18,373.78,376.74,372.85,373.37,2650610,-0.40999999999996817
2015-02-19,373.49,381.88,373.43,378.995,2953752,5.5049999999999955
2015-02-20,378.62,383.7,375.84,383.66,3258023,5.0400000000000205
2015-02-23,383.44,384.54,378.0,380.14,2176989,-3.3000000000000114
2015-02-24,378.65,380.48,376.16,378.59,1921850,-0.060000000000002274
2015-02-25,377.27,387.85,376.54,385.37,3174495,8.100000000000023
2015-02-26,384.07,389.37,383.28,384.8,2687107,0.7300000000000182
2015-02-27,384.0,385.99,379.79,380.16,2532309,-3.839999999999975
2015-03-02,380.85,385.9,379.481,385.655,2139205,4.80499999999995
2015-03-03,383.95,386.1,381.601,384.61,1946498,0.660000000000025
2015-03-04,385.71,387.9,382.19,382.72,2259141,-2.9899999999999523
2015-03-05,385.61,388.4182,383.89,387.83,2693518,2.2199999999999704
2015-03-06,385.52,387.0,378.88,380.09,2627042,-5.430000000000007
2015-03-09,378.4,379.33,375.28,378.56,2311390,0.160000000000025
2015-03-10,377.45,377.77,369.18,369.51,3120972,-7.939999999999998
2015-03-11,370.61,373.35,366.26,366.37,2495097,-4.240000000000009
2015-03-12,368.82,375.5,367.52,374.24,2810001,5.420000000000016
2015-03-13,371.52,373.99,366.68,370.58,2611658,-0.9399999999999977
2015-03-16,370.38,373.94,366.72,373.35,2354059,2.9700000000000273
2015-03-17,371.11,374.5,369.64,371.92,2036961,0.8100000000000023
2015-03-18,369.97,375.99,366.7,375.135,2654135,5.164999999999964
2015-03-19,373.87,377.11,372.19,373.24,1915671,-0.6299999999999955
2015-03-20,376.29,379.37,375.92,378.49,3763553,2.1999999999999886
2015-03-23,378.07,381.77,374.94,375.11,2239343,-2.9599999999999795
2015-03-24,373.99,375.24,372.27,374.09,2228214,0.0999999999999659
2015-03-25,375.17,380.5,370.285,370.96,3429497,-4.210000000000036
2015-03-26,369.59,371.4,365.65,367.35,2929962,-2.2399999999999523
2015-03-27,367.11,373.17,366.5734,370.56,2609774,3.4499999999999886
2015-03-30,371.87,376.12,371.55,374.59,1820933,2.7199999999999704
2015-03-31,373.24,377.7,371.51,372.1,2506122,-1.1399999999999864
2015-04-01,372.1,373.16,368.34,370.255,2458095,-1.8450000000000273
2015-04-02,370.5,373.28,369.0,372.25,1875279,1.75
2015-04-06,370.1,380.2,369.36,377.04,3050709,6.939999999999998
2015-04-07,376.15,379.31,374.03,374.41,1954902,-1.7399999999999523
2015-04-08,374.66,381.58,374.65,381.2,2636434,6.539999999999964
2015-04-09,380.66,384.42,378.795,383.54,2392328,2.8799999999999955
2015-04-10,384.31,387.12,381.3151,382.65,2573519,-1.660000000000025
2015-04-13,383.53,385.28,380.14,382.36,1894453,-1.169999999999959
2015-04-14,383.51,387.81,381.2101,385.11,2583575,1.6000000000000227
2015-04-15,384.65,385.78,381.64,383.45,1933229,-1.1999999999999886
2015-04-16,383.69,387.45,383.55,386.04,2080418,2.3500000000000227
2015-04-17,382.63,383.56,374.4,375.56,3839664,-7.069999999999993
2015-04-20,378.55,391.94,377.0,389.51,5016148,10.95999999999998
2015-04-21,391.31,394.6,386.8,391.18,4643524,-0.12999999999999545
2015-04-22,391.91,394.28,388.0,389.8,3474724,-2.1100000000000136
2015-04-23,390.21,391.88,386.15,389.99,7979985,-0.21999999999997044
2015-04-24,439.0,452.65,439.0,445.1,17176904,6.100000000000023
2015-04-27,443.86,446.99,437.41,438.56,5430949,-5.300000000000011
2015-04-28,438.51,439.0,428.04,429.31,4140483,-9.199999999999989
2015-04-29,426.75,434.24,426.03,429.37,3621688,2.6200000000000045
2015-04-30,427.11,431.75,419.24,421.78,3647877,-5.330000000000041
2015-05-01,423.82,425.64,416.0,422.87,3565824,-0.9499999999999886
2015-05-04,424.8,429.77,422.42,423.04,2270448,-1.759999999999991
2015-05-05,422.85,427.51,421.02,421.19,2856386,-1.660000000000025
2015-05-06,421.43,422.7165,414.55,419.1,2552474,-2.329999999999984
2015-05-07,424.15,428.5,422.85,426.88,2766132,2.730000000000018
2015-05-08,430.75,435.2,430.174,433.69,2908838,2.9399999999999977
2015-05-11,432.51,439.0,431.37,432.85,2393737,0.34000000000003183
2015-05-12,431.08,433.25,426.71,431.02,1947822,-0.060000000000002274
2015-05-13,429.98,433.528,425.8,426.87,1996328,-3.1100000000000136
2015-05-14,429.45,433.0,427.01,432.28,1888477,2.829999999999984
2015-05-15,428.0,430.3962,424.3,426.0,4240306,-2.0
2015-05-18,426.0,427.27,421.46,425.24,2390229,-0.7599999999999909
2015-05-19,424.87,428.24,420.63,421.71,2465240,-3.160000000000025
2015-05-20,420.6,427.1,418.36,423.86,2196159,3.259999999999991
2015-05-21,428.0,436.9,428.0,431.63,4121401,3.6299999999999955
2015-05-22,431.55,432.44,427.61,427.63,2020629,-3.920000000000016
2015-05-26,426.2,427.0,422.0,425.47,2244185,-0.7299999999999613
2015-05-27,427.45,431.85,425.01,431.42,2231088,3.9700000000000273
2015-05-28,429.71,431.35,425.47,426.57,1912436,-3.1399999999999864
2015-05-29,427.23,432.5,427.23,429.23,3016060,2.0
2015-06-01,430.4,433.16,426.2,430.92,2253264,0.5200000000000387
2015-06-02,430.07,433.23,426.25,430.99,1669845,0.9200000000000159
2015-06-03,434.4,438.39,432.75,436.59,2727914,2.1899999999999977
2015-06-04,434.4,436.755,429.26,430.78,2510761,-3.6200000000000045
2015-06-05,429.66,430.8,426.5,426.95,1907855,-2.7100000000000364
2015-06-08,425.62,426.8,421.425,423.5,2172525,-2.1200000000000045
2015-06-09,422.96,427.49,419.14,425.48,2288663,2.5200000000000387
2015-06-10,426.46,432.2,425.66,430.77,2172333,4.310000000000002
2015-06-11,432.29,438.89,431.47,432.97,2922459,0.6800000000000068
2015-06-12,431.25,432.36,428.26,429.92,2054385,-1.329999999999984
2015-06-15,427.66,428.05,422.64,423.67,2050987,-3.990000000000009
2015-06-16,424.15,427.97,422.67,427.26,2297469,3.1100000000000136
2015-06-17,428.36,431.35,424.753,427.81,2185869,-0.5500000000000114
2015-06-18,430.3,439.73,429.405,439.39,3378360,9.089999999999975
2015-06-19,440.26,444.99,433.24,434.92,4495087,-5.339999999999975
2015-06-22,437.0,439.24,434.18,436.29,1823572,-0.7099999999999795
2015-06-23,435.59,447.04,433.69,445.99,3245049,10.400000000000034
2015-06-24,444.97,446.47,440.23,440.84,2620827,-4.130000000000052
2015-06-25,438.07,443.47,436.39,440.1,2237458,2.0300000000000296
2015-06-26,441.76,443.49,435.06,438.1,2624479,-3.659999999999968
2015-06-29,434.98,437.0,429.0,429.86,2753193,-5.1200000000000045
2015-06-30,434.2,435.57,430.46,434.09,2596873,-0.11000000000001364
2015-07-01,439.35,440.0,435.58,437.39,1987076,-1.9600000000000364
2015-07-02,437.0,438.2,433.48,437.71,1343397,0.7099999999999795
2015-07-06,435.23,439.73,433.52,436.04,1903161,0.8100000000000023
2015-07-07,435.68,437.73,425.57,436.72,3454248,1.0400000000000205
2015-07-08,434.35,435.99,428.83,429.7,2383130,-4.650000000000034
2015-07-09,434.9,438.72,434.15,434.39,2271395,-0.5099999999999909
2015-07-10,440.49,444.72,439.0,443.51,2400981,3.019999999999982
2015-07-13,448.29,457.87,447.54,455.57,3956802,7.279999999999973
2015-07-14,462.32,469.6,458.16,465.57,4736215,3.25
2015-07-15,463.04,464.7,460.2,461.19,2987399,-1.8500000000000227
2015-07-16,465.5,475.88,464.8,475.48,4095581,9.980000000000018
2015-07-17,477.7,485.42,477.25,483.01,4932176,5.310000000000002
2015-07-20,492.57,493.2,485.4,488.1,4752491,-4.46999999999997
2015-07-21,487.9,488.88,482.55,488.0,3181831,0.10000000000002274
2015-07-22,485.99,492.5,484.9,488.27,3114898,2.2799999999999727
2015-07-23,491.66,491.66,475.7,482.18,9374431,-9.480000000000018
2015-07-24,578.99,580.57,529.35,529.42,21909381,-49.57000000000005
2015-07-27,527.75,544.95,526.6,531.41,7490960,3.659999999999968
2015-07-28,536.0,536.39,523.12,526.03,5273092,-9.970000000000027
2015-07-29,530.92,532.9655,525.02,529.0,3752634,-1.919999999999959
2015-07-30,527.65,539.2,524.29,536.76,3743065,9.110000000000014
2015-07-31,539.09,542.84,534.5201,536.15,3025598,-2.9400000000000546
2015-08-03,537.45,540.44,529.36,535.03,3014236,-2.4200000000000728
2015-08-04,529.69,536.95,529.163,531.9,2934590,2.2099999999999227
2015-08-05,538.8,539.14,534.119,537.01,2889350,-1.7899999999999636
2015-08-06,539.3,542.74,527.52,529.46,3820453,-9.839999999999918
2015-08-07,529.16,529.4599,518.21,522.62,3969215,-6.539999999999964
2015-08-10,528.52,532.2764,523.0,524.0,2615926,-4.519999999999982
2015-08-11,523.65,528.98,522.0,527.46,2676600,3.810000000000059
2015-08-12,523.75,527.5,513.06,525.91,4014684,2.159999999999968
2015-08-13,527.37,534.66,525.4846,529.66,2895238,2.2899999999999636
2015-08-14,528.25,534.11,528.25,531.52,1994799,3.269999999999982
2015-08-17,531.29,538.74,527.12,535.22,2581680,3.9300000000000637
2015-08-18,535.04,539.49,533.0,535.02,2071342,-0.01999999999998181
2015-08-19,533.74,537.25,529.0,532.92,2324040,-0.82000000000005
2015-08-20,530.39,533.25,515.77,515.78,4407990,-14.610000000000014
2015-08-21,507.36,512.33,494.47,494.47,6706466,-12.889999999999986
2015-08-24,463.58,489.76,451.0,463.37,10097601,-0.20999999999997954
2015-08-25,487.49,489.44,466.25,466.37,5679329,-21.120000000000005
2015-08-26,484.02,503.72,478.76,500.77,6358639,16.75
2015-08-27,514.03,522.69,507.261,518.37,6114506,4.340000000000032
2015-08-28,517.5,521.5,513.04,518.01,2746708,0.5099999999999909
2015-08-31,516.44,519.41,509.07,512.89,3002293,-3.550000000000068
2015-09-01,499.14,510.0,493.43,496.54,3864514,-2.599999999999966
2015-09-02,505.09,510.86,497.72,510.55,3707116,5.460000000000036
2015-09-03,514.5,515.84,502.57,504.72,3149694,-9.779999999999973
2015-09-04,497.65,502.85,495.64,499.0,2692510,1.3500000000000227
2015-09-08,508.69,518.35,508.5144,517.54,3810653,8.849999999999966
2015-09-09,524.0,529.95,515.06,516.89,4370657,-7.110000000000014
2015-09-10,515.15,526.13,514.78,522.24,2575982,7.090000000000032
2015-09-11,521.07,529.44,520.605,529.44,3227862,8.370000000000005
2015-09-14,529.44,532.45,518.58,521.38,3130241,-8.06000000000006
2015-09-15,523.25,527.92,517.2,522.37,2865933,-0.8799999999999955
2015-09-16,521.98,528.3,518.52,527.39,2252790,5.409999999999968
2015-09-17,526.98,546.97,526.57,538.87,4169484,11.889999999999986
2015-09-18,534.62,546.237,531.35,540.26,6160075,5.639999999999986
2015-09-21,544.33,549.78,539.59,548.39,3283313,4.059999999999945
2015-09-22,539.71,543.55,532.66,538.4,3841748,-1.3100000000000591
2015-09-23,538.3,541.21,534.0,536.07,2237571,-2.2299999999999045
2015-09-24,530.55,534.56,522.87,533.75,3500964,3.2000000000000455
2015-09-25,542.57,542.8,521.4,524.25,4030998,-18.32000000000005
2015-09-28,520.02,520.28,494.3337,504.06,5434532,-15.95999999999998
2015-09-29,506.0,511.48,490.5,496.07,4457532,-9.930000000000007
2015-09-30,505.44,512.8,501.6724,511.89,4004681,6.449999999999989
2015-10-01,511.0,520.8,506.0,520.72,3768483,9.720000000000027
2015-10-02,512.99,532.6,508.1,532.54,4597795,19.549999999999955
2015-10-05,536.99,545.91,536.0,543.68,3391359,6.689999999999941
2015-10-06,545.5,551.5,533.33,537.48,4547519,-8.019999999999982
2015-10-07,541.79,542.0,529.0,541.94,3812087,0.15000000000009095
2015-10-08,536.71,539.386,519.89,533.16,4676440,-3.550000000000068
2015-10-09,534.48,541.79,530.27,539.8,3537364,5.319999999999936
2015-10-12,539.96,550.82,539.8,550.19,2776103,10.230000000000018
2015-10-13,546.26,553.2,543.1,548.9,2938044,2.6399999999999864
2015-10-14,551.34,552.25,539.68,544.83,3582060,-6.509999999999991
2015-10-15,547.75,563.0,547.0,562.44,4937034,14.690000000000055
2015-10-16,565.27,570.94,560.31,570.76,4315792,5.490000000000009
2015-10-19,570.76,579.0,567.38,573.15,4375420,2.3899999999999864
2015-10-20,572.0,573.0,555.28,560.88,4346209,-11.120000000000005
2015-10-21,563.87,565.25,552.52,555.77,3361655,-8.100000000000023
2015-10-22,562.7,569.146,556.67,563.91,7779372,1.2099999999999227
2015-10-23,617.68,619.45,595.36,599.03,10692667,-18.649999999999977
2015-10-26,602.3,609.85,596.29,608.61,4269715,6.310000000000059
2015-10-27,608.6,614.71,605.53,611.01,3787136,2.409999999999968
2015-10-28,612.3,617.23,609.5,617.1,3926200,4.800000000000068
2015-10-29,617.7,627.54,615.39,626.55,3896026,8.849999999999909
2015-10-30,626.01,630.72,625.28,625.9,3874363,-0.11000000000001364
2015-11-02,627.13,628.63,620.41,628.35,2816479,1.2200000000000273
2015-11-03,629.53,629.89,622.0,625.31,3246910,-4.220000000000027
2015-11-04,627.76,645.93,627.35,640.95,4840501,13.190000000000055
2015-11-05,647.1,657.0,643.0901,655.65,4723825,8.549999999999955
2015-11-06,655.0,662.26,652.0,659.37,4092165,4.3700000000000045
2015-11-09,658.65,661.955,647.8477,655.49,4048823,-3.159999999999968
2015-11-10,651.01,660.0,647.262,659.68,3489483,8.669999999999959
2015-11-11,663.25,675.96,663.25,673.25,5387309,10.0
2015-11-12,673.0,675.64,664.22,665.6,4284678,-7.399999999999977
2015-11-13,663.57,667.0,640.45,642.35,6261076,-21.220000000000027
2015-11-16,640.92,649.99,622.29,647.81,7435934,6.889999999999986
2015-11-17,650.65,653.25,641.0,643.3,4320177,-7.350000000000023
2015-11-18,646.51,664.88,646.37,663.54,4469769,17.029999999999973
2015-11-19,664.99,672.86,659.0,661.27,4705237,-3.7200000000000273
2015-11-20,667.94,668.87,657.57,668.45,3896135,0.5099999999999909
2015-11-23,671.5,682.77,668.45,678.99,4385057,7.490000000000009
2015-11-24,674.14,675.8,661.2125,671.15,4543417,-2.990000000000009
2015-11-25,675.0,679.7,671.24,675.34,2697889,0.34000000000003183
2015-11-27,680.8,680.99,672.1,673.26,1966801,-7.539999999999964
2015-11-30,675.9,681.29,664.6,664.8,5693172,-11.100000000000023
2015-12-01,673.75,681.0,667.86,679.06,4751152,5.309999999999945
2015-12-02,681.0,684.82,674.25,676.01,4273526,-4.990000000000009
2015-12-03,679.44,682.79,661.48,666.25,5064736,-13.190000000000055
2015-12-04,666.0,674.775,661.4,672.64,4534796,6.639999999999986
2015-12-07,674.74,675.46,660.5,669.83,3732814,-4.909999999999968
2015-12-08,663.13,679.99,659.79,677.33,3651908,14.200000000000045
2015-12-09,678.0,679.0,655.68,664.79,5158172,-13.210000000000036
2015-12-10,665.59,668.526,659.56,662.32,3455472,-3.269999999999982
2015-12-11,651.23,657.88,639.62,640.15,5474420,-11.080000000000041
2015-12-14,641.75,658.585,635.27,657.91,4361273,16.159999999999968
2015-12-15,665.03,671.5,657.35,658.64,4753415,-6.389999999999986
2015-12-16,663.56,677.35,659.32,675.77,3964470,12.210000000000036
2015-12-17,680.0,682.5,670.65,670.65,3681645,-9.350000000000023
2015-12-18,668.65,676.84,664.13,664.14,6841304,-4.509999999999991
2015-12-21,668.5,669.9,658.93,664.51,3250900,-3.990000000000009
2015-12-22,666.83,668.49,659.26,663.15,2667795,-3.6800000000000637
2015-12-23,666.5,666.597,656.63,663.7,2722922,-2.7999999999999545
2015-12-24,663.35,664.68,660.6,662.79,1092970,-0.5600000000000591
2015-12-28,665.56,675.5,665.5,675.2,3783555,9.6400000000001
2015-12-29,677.98,696.44,677.8893,693.97,5734996,15.990000000000009
2015-12-30,691.89,695.49,686.375,689.07,3519003,-2.8199999999999363
2015-12-31,686.08,687.75,675.89,675.89,3749560,-10.190000000000055
2016-01-04,656.29,657.715,627.51,636.99,9314519,-19.299999999999955
2016-01-05,646.86,646.91,627.65,633.79,5822603,-13.07000000000005
2016-01-06,622.0,639.79,620.31,632.65,5329197,10.649999999999977
2016-01-07,621.8,630.0,605.21,607.94,7074915,-13.8599999999999
2016-01-08,619.66,624.14,606.0,607.05,5512915,-12.610000000000014
2016-01-11,612.48,619.85,598.57,617.74,4891551,5.259999999999991
2016-01-12,625.25,625.99,612.2415,617.89,4724100,-7.360000000000014
2016-01-13,620.88,620.88,579.16,581.81,7655239,-39.07000000000005
2016-01-14,580.25,602.25,569.88,593.0,7237978,12.75
2016-01-15,572.24,584.62,565.3,570.18,7784523,-2.060000000000059
2016-01-19,577.09,584.0,566.45,574.48,4807165,-2.6100000000000136
2016-01-20,564.36,578.45,547.18,571.77,7966406,7.409999999999968
2016-01-21,573.58,588.81,568.22,575.02,4952217,1.4399999999999409
2016-01-22,588.73,600.1,584.1079,596.38,5120144,7.649999999999977
2016-01-25,597.99,608.5,594.56,596.53,4396079,-1.4600000000000364
2016-01-26,603.45,604.5,590.38,601.25,3765655,-2.2000000000000455
2016-01-27,601.99,603.39,578.78,583.35,5152853,-18.639999999999986
2016-01-28,608.37,638.06,597.55,635.35,14015171,26.980000000000018
2016-01-29,571.98,593.0,570.0,587.0,14677550,15.019999999999982
2016-02-01,578.15,581.8,570.31,574.81,6355123,-3.340000000000032
2016-02-02,570.0,571.56,550.09,552.1,6312045,-17.899999999999977
2016-02-03,553.5,556.0,521.9,531.07,10048709,-22.42999999999995
2016-02-04,525.0,538.99,519.2201,536.26,6199070,11.259999999999991
2016-02-05,529.28,529.45,499.19,502.13,9708929,-27.149999999999977
2016-02-08,486.47,493.5,475.21,488.1,9825509,1.6299999999999955
2016-02-09,478.01,498.38,474.0,482.07,7077915,4.060000000000002
2016-02-10,491.76,504.66,486.0,490.48,6786181,-1.2799999999999727
2016-02-11,491.17,509.3,484.0,503.82,7397393,12.649999999999977
2016-02-12,510.7,516.75,501.4932,507.08,5384787,-3.6200000000000045
2016-02-16,519.48,524.45,511.66,521.1,5118500,1.6200000000000045
2016-02-17,528.74,537.48,519.39,534.1,4824002,5.360000000000014
2016-02-18,541.19,541.2,523.73,525.0,4735008,-16.190000000000055
2016-02-19,520.71,535.95,515.35,534.9,4974717,14.18999999999994
2016-02-22,542.2,560.65,541.08,559.5,5566553,17.299999999999955
2016-02-23,555.55,556.91,545.33,552.94,4050790,-2.6099999999999
2016-02-24,545.75,554.27,533.1501,554.04,6231668,8.289999999999964
2016-02-25,555.52,559.39,545.2946,555.15,4525463,-0.37000000000000455
2016-02-26,560.12,562.5,553.17,555.23,4877039,-4.889999999999986
2016-02-29,554.0,564.81,552.51,552.52,4145396,-1.4800000000000182
2016-03-01,556.29,579.25,556.0,579.04,5038452,22.75
2016-03-02,581.75,585.0,573.7,580.21,4582170,-1.5399999999999636
2016-03-03,577.96,579.866,573.11,577.49,2741292,-0.4700000000000273
2016-03-04,581.07,581.4,571.065,575.14,3416545,-5.930000000000064
2016-03-07,573.54,573.63,555.55,562.8,4932527,-10.740000000000009
2016-03-08,557.87,571.35,554.74,560.26,4729952,2.3899999999999864
2016-03-09,559.56,560.35,550.125,559.47,4377283,-0.08999999999991815
2016-03-10,566.74,567.0,547.9,558.93,3919892,-7.810000000000059
2016-03-11,566.95,570.06,562.73,569.61,3771310,2.659999999999968
2016-03-14,567.0,576.89,563.05,573.37,3454152,6.3700000000000045
2016-03-15,571.0,581.52,567.0,577.02,3876821,6.019999999999982
2016-03-16,576.64,581.32,571.14,574.27,3537669,-2.3700000000000045
2016-03-17,569.51,571.4,555.01,559.44,5928105,-10.069999999999936
2016-03-18,560.94,562.33,546.09,552.08,7296885,-8.860000000000014
2016-03-21,548.91,555.24,538.58,553.98,5155732,5.07000000000005
2016-03-22,545.11,562.76,545.05,560.48,4000564,15.370000000000005
2016-03-23,561.0,572.48,558.1,569.63,3983720,8.629999999999995
2016-03-24,567.11,583.55,567.08,582.95,5185539,15.840000000000032
2016-03-28,584.4,584.75,575.56,579.87,3121522,-4.529999999999973
2016-03-29,580.15,595.85,576.5,593.86,4392567,13.710000000000036
2016-03-30,596.71,603.24,595.0,598.69,3890461,1.9800000000000182
2016-03-31,599.28,600.75,592.21,593.64,2681811,-5.639999999999986
2016-04-01,590.49,599.03,588.3,598.5,2917386,8.009999999999991
2016-04-04,599.0,599.5,590.55,593.19,2470825,-5.809999999999945
2016-04-05,590.77,593.47,585.25,586.14,2308884,-4.6299999999999955
2016-04-06,587.52,602.39,587.5,602.08,2849909,14.56000000000006
2016-04-07,598.76,599.6,589.08,591.43,3189037,-7.330000000000041
2016-04-08,594.32,597.86,589.0,594.6,2591936,0.2799999999999727
2016-04-11,596.14,604.0,594.91,595.93,2704267,-0.21000000000003638
2016-04-12,598.4,604.06,592.31,603.17,2641062,4.769999999999982
2016-04-13,607.68,616.81,605.29,614.82,4228349,7.1400000000001
2016-04-14,615.07,624.38,615.07,620.75,3512136,5.67999999999995
2016-04-15,621.92,626.77,618.11,625.89,2887681,3.9700000000000273
2016-04-18,625.35,637.64,624.9603,635.35,4360883,10.0
2016-04-19,637.14,638.01,620.8,627.9,4055870,-9.240000000000009
2016-04-20,630.0,636.55,623.0,632.99,2609425,2.990000000000009
2016-04-21,631.0,637.82,628.5,631.0,2596298,0.0
2016-04-22,624.47,628.25,611.56,620.5,5083904,-3.9700000000000273
2016-04-25,616.61,626.98,616.2511,626.2,2682924,9.590000000000032
2016-04-26,626.17,626.7549,614.88,616.88,2521433,-9.289999999999964
2016-04-27,611.8,615.95,601.28,606.57,4068767,-5.2299999999999045
2016-04-28,615.54,626.8,599.2,602.0,7872605,-13.539999999999964
2016-04-29,666.0,669.98,654.0,659.59,10310739,-6.409999999999968
2016-05-02,663.92,685.5,662.0251,683.85,6578517,19.930000000000064
2016-05-03,677.36,680.3,670.43,671.32,4923351,-6.039999999999964
2016-05-04,662.59,674.0,662.14,670.9,4635462,8.309999999999945
2016-05-05,673.31,676.49,656.0,659.09,4884114,-14.219999999999914
2016-05-06,656.05,676.95,656.01,673.95,4365345,17.90000000000009
2016-05-09,673.95,686.98,671.41,679.75,3982161,5.7999999999999545
2016-05-10,694.0,704.55,693.5,703.07,6105570,9.07000000000005
2016-05-11,705.79,719.0,701.65,713.23,7338196,7.440000000000055
2016-05-12,717.38,722.45,711.51,717.93,5048150,0.5499999999999545
2016-05-13,714.64,719.25,706.51,709.92,4763419,-4.720000000000027
2016-05-16,710.13,713.25,700.28,710.66,5432920,0.5299999999999727
2016-05-17,709.9,714.47,693.91,695.27,5121357,-14.629999999999995
2016-05-18,689.56,702.5399,688.76,697.45,4283189,7.8900000000001
2016-05-19,691.88,699.4,689.56,698.52,3025566,6.639999999999986
2016-05-20,701.05,707.24,700.0,702.8,2916165,1.75
2016-05-23,704.25,706.0,696.42,696.75,2595082,-7.5
2016-05-24,698.01,707.5,698.0,704.2,3033782,6.190000000000055
2016-05-25,708.0,710.86,705.5159,708.35,3276631,0.35000000000002274
2016-05-26,708.33,715.0,707.293,714.91,2446681,6.579999999999927
2016-05-27,715.0,716.6,711.1,712.24,2249164,-2.759999999999991
2016-05-31,712.33,724.23,711.32,722.79,3618323,10.459999999999923
2016-06-01,720.9,726.43,718.22,719.44,3263107,-1.4599999999999227
2016-06-02,720.97,728.28,715.5001,728.24,3026583,7.269999999999982
2016-06-03,726.74,727.0,718.43,725.54,3367306,-1.2000000000000455
2016-06-06,726.5,731.5,724.42,726.73,2704806,0.2300000000000182
2016-06-07,729.89,730.0,720.55,723.74,2732463,-6.149999999999977
2016-06-08,726.4,729.42,721.6,726.64,2223366,0.2400000000000091
2016-06-09,723.1,728.91,722.3,727.65,2170318,4.5499999999999545
2016-06-10,722.35,724.98,714.21,717.91,3425718,-4.440000000000055
2016-06-13,714.01,721.99,711.16,715.24,3352201,1.2300000000000182
2016-06-14,712.33,720.805,712.27,719.3,2506922,6.969999999999914
2016-06-15,722.0,722.56,713.3522,714.26,2709447,-7.740000000000009
2016-06-16,712.05,718.0,705.3,717.51,3097961,5.460000000000036
2016-06-17,718.19,718.2,699.18,706.39,5897788,-11.800000000000068
2016-06-20,713.5,721.31,710.81,714.01,3677162,0.5099999999999909
2016-06-21,715.72,718.4,712.721,715.82,2137534,0.10000000000002274
2016-06-22,716.58,717.0,707.565,710.6,2260454,-5.980000000000018
2016-06-23,715.5,722.12,712.5,722.08,2824974,6.580000000000041
2016-06-24,693.0,712.5292,692.2,698.96,7632511,5.960000000000036
2016-06-27,692.01,696.8189,682.115,691.36,5584037,-0.6499999999999773
2016-06-28,700.0,708.0,698.1714,707.95,4036957,7.9500000000000455
2016-06-29,715.75,719.5,713.54,715.6,3070052,-0.14999999999997726
2016-06-30,717.2,719.37,712.54,715.62,2855142,-1.580000000000041
2016-07-01,717.32,728.0,716.54,725.68,2920423,8.3599999999999
2016-07-05,722.8,728.11,719.61,728.1,2431431,5.300000000000068
2016-07-06,725.71,737.77,722.58,737.61,3938249,11.899999999999977
2016-07-07,739.33,739.55,731.63,736.57,2945783,-2.759999999999991
2016-07-08,740.14,746.1,738.0,745.81,3429217,5.669999999999959
2016-07-11,750.0,755.9,747.0,753.78,3195272,3.7799999999999727
2016-07-12,756.86,757.34,740.33,748.21,5623657,-8.649999999999977
2016-07-13,746.76,756.87,741.25,742.63,4142265,-4.1299999999999955
2016-07-14,748.86,749.04,739.02,741.2,2390472,-7.659999999999968
2016-07-15,746.55,746.55,734.05,735.44,3121385,-11.1099999999999
2016-07-18,735.49,741.5954,728.72,736.07,2954914,0.5800000000000409
2016-07-19,732.5,743.33,732.31,739.95,2216820,7.4500000000000455
2016-07-20,744.0,746.25,740.7,745.72,2214023,1.7200000000000273
2016-07-21,747.5,749.36,742.7918,744.43,2317072,-3.07000000000005
2016-07-22,747.79,751.28,743.53,744.86,2277711,-2.92999999999995
2016-07-25,746.55,748.5,735.35,739.61,2679290,-6.939999999999941
2016-07-26,742.71,743.13,732.7525,735.59,2529692,-7.1200000000000045
2016-07-27,737.97,740.94,733.86,736.67,2913134,-1.3000000000000682
2016-07-28,745.98,753.36,739.7,752.61,7617580,6.6299999999999955
2016-07-29,765.0,766.0,755.0,758.81,6777050,-6.190000000000055
2016-08-01,759.87,770.5,757.06,767.74,3578205,7.8700000000000045
2016-08-02,763.81,765.01,757.02,760.58,3603280,-3.2299999999999045
2016-08-03,757.06,758.89,752.25,754.64,3581525,-2.419999999999959
2016-08-04,753.7,765.0,750.35,760.77,3178208,7.069999999999936
2016-08-05,764.81,768.47,763.09,765.98,2704391,1.1700000000000728
2016-08-08,766.81,767.0,761.015,766.56,1986272,-0.25
2016-08-09,767.39,772.6,766.9,768.31,1876091,0.9199999999999591
2016-08-10,769.8,772.1,766.19,768.56,1604280,-1.240000000000009
2016-08-11,769.94,773.75,769.12,771.24,2019740,1.2999999999999545
2016-08-12,768.46,773.15,768.4225,772.56,1563318,4.099999999999909
2016-08-15,771.9,772.04,767.71,768.49,2118521,-3.409999999999968
2016-08-16,768.62,768.7317,763.82,764.04,1604561,-4.580000000000041
2016-08-17,764.41,765.22,759.199,764.63,1891116,0.22000000000002728
2016-08-18,764.0,765.17,760.6,764.46,1458834,0.4600000000000364
2016-08-19,761.9,762.49,756.89,757.31,2343237,-4.590000000000032
2016-08-22,757.5,759.85,752.1,759.48,1679251,1.9800000000000182
2016-08-23,763.31,764.7,761.0,762.45,1524131,-0.8599999999999
2016-08-24,763.0,763.41,755.36,757.25,1744107,-5.75
2016-08-25,756.0,760.56,754.741,759.22,1622992,3.2200000000000273
2016-08-26,760.05,770.0,759.795,769.0,2776830,8.950000000000045
2016-08-29,768.72,774.98,768.6,771.29,2198560,2.5699999999999363
2016-08-30,771.05,771.8358,765.56,767.58,1709158,-3.4699999999999136
2016-08-31,766.6,769.64,764.0,769.16,1633789,2.5599999999999454
2016-09-01,770.9,772.04,766.75,770.62,1792271,-0.2799999999999727
2016-09-02,774.11,776.0,771.7,772.44,2181792,-1.669999999999959
2016-09-06,774.04,789.48,770.22,788.87,3719788,14.830000000000041
2016-09-07,789.53,790.79,784.33,784.48,2424622,-5.0499999999999545
2016-09-08,783.89,786.5,781.44,784.06,2030511,0.16999999999995907
2016-09-09,779.36,781.0,760.11,760.14,4257344,-19.220000000000027
2016-09-12,757.35,772.66,756.0,771.49,3124704,14.139999999999986
2016-09-13,768.77,769.89,759.05,761.01,3117224,-7.759999999999991
2016-09-14,762.2,767.5,758.85,761.09,2531822,-1.1100000000000136
2016-09-15,762.0,770.87,757.58,769.69,3043534,7.690000000000055
2016-09-16,773.28,780.46,771.66,778.52,5499182,5.240000000000009
2016-09-19,779.97,781.94,771.0,775.1,2297221,-4.8700000000000045
2016-09-20,776.0,781.37,776.0,780.22,1937164,4.220000000000027
2016-09-21,783.25,790.69,779.01,789.74,2718644,6.490000000000009
2016-09-22,794.27,805.889,794.27,804.7,4078910,10.430000000000064
2016-09-23,803.13,807.75,802.12,805.75,2353511,2.6200000000000045
2016-09-26,801.8,805.93,797.145,799.16,2651397,-2.6399999999999864
2016-09-27,801.85,816.64,801.11,816.11,3819600,14.259999999999991
2016-09-28,818.0,830.14,817.0337,828.72,4422078,10.720000000000027
2016-09-29,828.26,837.5,824.63,829.05,4922248,0.7899999999999636
2016-09-30,832.61,839.95,832.4,837.31,4430566,4.699999999999932
2016-10-03,836.0,839.86,831.25,836.74,2769448,0.7400000000000091
2016-10-04,840.91,842.365,830.26,834.03,2950314,-6.8799999999999955
2016-10-05,838.0,845.67,836.12,844.36,3469055,6.360000000000014
2016-10-06,843.7,847.21,840.6,841.66,2684013,-2.0400000000000773
2016-10-07,845.79,845.95,837.45,839.43,2426228,-6.360000000000014
2016-10-10,843.25,845.2,840.27,841.71,1827143,-1.5399999999999636
2016-10-11,841.02,841.29,828.35,831.0,3588180,-10.019999999999982
2016-10-12,834.0,837.666,830.1,834.09,2380416,0.09000000000003183
2016-10-13,829.0,831.8,821.21,829.28,3091387,0.2799999999999727
2016-10-14,835.08,835.74,822.96,822.96,2999814,-12.120000000000005
2016-10-17,821.5,822.0,811.68,812.95,3361492,-8.549999999999955
2016-10-18,822.11,823.26,815.02,817.65,2512504,-4.460000000000036
2016-10-19,820.4,820.67,815.17,817.69,2090706,-2.7099999999999227
2016-10-20,813.99,815.71,803.1,810.32,3151954,-3.669999999999959
2016-10-21,809.36,819.42,809.0,818.99,2793015,9.629999999999995
2016-10-24,824.95,838.3,822.21,838.09,4060899,13.139999999999986
2016-10-25,839.3,843.09,833.22,835.18,3248358,-4.1200000000000045
2016-10-26,832.76,833.44,820.0,822.59,3998102,-10.169999999999959
2016-10-27,831.24,831.72,815.43,818.36,7406385,-12.879999999999995
2016-10-28,782.0,789.49,774.61,776.32,10841073,-5.67999999999995
2016-10-31,781.03,793.7,780.11,789.82,5413326,8.790000000000077
2016-11-01,799.0,800.84,776.713,785.41,5305428,-13.590000000000032
2016-11-02,783.93,784.75,763.55,765.56,5026504,-18.370000000000005
2016-11-03,765.05,777.0,764.0,767.03,3872496,1.9800000000000182
2016-11-04,762.79,766.0,753.2301,755.05,5122103,-7.740000000000009
2016-11-07,771.64,787.732,770.94,784.93,5984354,13.289999999999964
2016-11-08,784.97,791.7399,779.1,787.75,3412629,2.7799999999999727
2016-11-09,764.0,777.5,760.09,771.88,8562892,7.8799999999999955
2016-11-10,778.81,778.83,717.7,742.38,12746994,-36.42999999999995
2016-11-11,735.73,743.26,728.9,739.01,6622784,3.2799999999999727
2016-11-14,745.51,746.0,710.1,719.07,7321344,-26.43999999999994
2016-11-15,730.0,746.78,725.99,743.24,6755785,13.240000000000009
2016-11-16,739.88,749.87,735.61,746.49,3648791,6.610000000000014
2016-11-17,749.32,757.5,748.0,756.4,3690112,7.079999999999927
2016-11-18,761.0,767.74,757.6435,760.16,4373408,-0.8400000000000318
2016-11-21,766.0,780.35,765.11,780.0,4614574,14.0
2016-11-22,788.17,792.4,781.0,785.33,5311320,-2.839999999999918
2016-11-23,781.73,781.75,773.12,780.12,3540263,-1.6100000000000136
2016-11-25,786.5,786.75,777.9,780.37,1837068,-6.1299999999999955
2016-11-28,776.99,777.0,764.24,766.77,4438828,-10.220000000000027
2016-11-29,768.0,769.89,761.32,762.52,3272344,-5.480000000000018
2016-11-30,762.0,768.09,750.25,750.57,4625946,-11.42999999999995
2016-12-01,752.41,753.37,738.03,743.65,4665993,-8.759999999999991
2016-12-02,743.4,748.4903,736.7,740.34,3561307,-3.0599999999999454
2016-12-05,745.0,761.49,742.0,759.36,4314723,14.360000000000014
2016-12-06,763.99,768.24,757.25,764.72,3794746,0.7300000000000182
2016-12-07,764.55,770.42,755.82,770.42,3684906,5.8700000000000045
2016-12-08,771.87,773.79,765.19,767.33,3189608,-4.539999999999964
2016-12-09,770.0,770.25,765.34,768.66,2470923,-1.3400000000000318
2016-12-12,766.4,766.89,757.2,760.12,2963945,-6.279999999999973
2016-12-13,764.96,782.46,762.0,774.34,5285288,9.379999999999995
2016-12-14,778.25,780.86,762.81,768.82,5454836,-9.42999999999995
2016-12-15,766.28,769.1,760.31,761.0,3801927,-5.279999999999973
2016-12-16,765.0,765.13,754.0,757.77,4848219,-7.230000000000018
2016-12-19,758.89,770.5,756.16,766.0,3113240,7.110000000000014
2016-12-20,768.65,774.39,767.71,771.22,2703629,2.57000000000005
2016-12-21,770.0,771.22,765.7,770.6,2044629,0.6000000000000227
2016-12-22,768.12,771.21,763.02,766.34,2543551,-1.7799999999999727
2016-12-23,764.55,766.5,757.99,760.59,1981616,-3.9599999999999227
2016-12-27,763.4,774.65,761.2,771.4,2638725,8.0
2016-12-28,776.25,780.0,770.5,772.13,3301025,-4.1200000000000045
2016-12-29,772.4,773.4,760.85,765.15,3158299,-7.25
2016-12-30,766.47,767.3999,748.28,749.87,4139449,-16.600000000000023
2017-01-03,757.92,758.7595,747.7,753.67,3521066,-4.25
2017-01-04,758.39,759.68,754.2,757.18,2510526,-1.2100000000000364
2017-01-05,761.55,782.3999,760.2557,780.45,5830068,18.90000000000009
2017-01-06,782.36,799.44,778.48,795.99,5986234,13.629999999999995
2017-01-09,798.0,801.7742,791.77,796.92,3446109,-1.080000000000041
2017-01-10,796.6,798.0,789.5434,795.9,2558369,-0.7000000000000455
2017-01-11,793.66,799.5,789.51,799.02,2992791,5.360000000000014
2017-01-12,800.31,814.13,799.5,813.64,4873922,13.330000000000041
2017-01-13,814.32,821.65,811.4,817.14,3791945,2.8199999999999363
2017-01-17,815.7,816.0,803.44,809.72,3670529,-5.980000000000018
2017-01-18,809.5,811.73,804.27,807.48,2354201,-2.019999999999982
2017-01-19,810.0,813.51,807.32,809.04,2540784,-0.9600000000000364
2017-01-20,815.28,816.02,806.26,808.33,3376196,-6.949999999999932
2017-01-23,806.8,818.5,805.08,817.88,2797474,11.080000000000041
2017-01-24,822.0,823.99,814.5,822.44,2971740,0.44000000000005457
2017-01-25,825.79,837.4183,825.288,836.52,4023078,10.730000000000018
2017-01-26,835.53,843.84,833.0,839.15,3586323,3.6200000000000045
2017-01-27,839.0,839.7,829.44,835.77,2998700,-3.230000000000018
2017-01-30,833.0,833.5,816.38,830.38,3747336,-2.6200000000000045
2017-01-31,823.75,826.99,819.56,823.48,3137196,-0.2699999999999818
2017-02-01,829.21,833.78,824.94,832.35,3850181,3.1399999999999864
2017-02-02,836.59,842.49,828.26,839.95,7350492,3.3600000000000136
2017-02-03,806.72,818.3,804.0,810.2,10868773,3.480000000000018
2017-02-06,809.8,810.72,803.0,807.64,3897301,-2.159999999999968
2017-02-07,809.31,816.16,807.5,812.5,3466091,3.1900000000000546
2017-02-08,812.69,821.479,812.5,819.71,2857985,7.019999999999982
2017-02-09,821.6,825.0,819.71,821.36,2484948,-0.2400000000000091
2017-02-10,823.82,828.0,822.85,827.46,2429609,3.6399999999999864
2017-02-13,831.62,842.9999,828.55,836.53,4172618,4.909999999999968
2017-02-14,837.0,838.31,831.4522,836.39,2792442,-0.6100000000000136
2017-02-15,834.0,842.81,832.82,842.7,2968853,8.700000000000045
2017-02-16,841.84,845.0,839.375,844.14,2714667,2.2999999999999545
2017-02-17,842.0,847.27,840.73,845.07,3112275,3.07000000000005
2017-02-21,848.84,857.98,847.25,856.44,3507742,7.600000000000023
2017-02-22,856.95,858.43,852.18,855.61,2616971,-1.3400000000000318
2017-02-23,857.57,860.86,848.0,852.19,3461984,-5.3799999999999955
2017-02-24,844.69,845.81,837.7501,845.24,3687963,0.5499999999999545
2017-02-27,842.38,852.5,839.67,848.64,2713627,6.259999999999991
2017-02-28,851.45,854.09,842.05,845.04,2793709,-6.410000000000082
2017-03-01,853.05,854.83,849.01,853.08,2760083,0.030000000000086402
2017-03-02,853.08,854.82,847.28,848.91,2132098,-4.170000000000073
2017-03-03,847.2,851.985,846.27,849.88,1951575,2.67999999999995
2017-03-06,845.23,848.49,841.12,846.61,2610370,1.3799999999999955
2017-03-07,845.48,848.46,843.75,846.02,2247554,0.5399999999999636
2017-03-08,848.0,853.07,846.79,850.5,2288317,2.5
2017-03-09,851.0,856.3999,850.31,853.0,2048187,2.0
2017-03-10,857.0,857.35,851.72,852.46,2436434,-4.539999999999964
2017-03-13,851.77,855.69,851.71,854.59,1909672,2.82000000000005
2017-03-14,853.55,853.75,847.55,852.53,2130586,-1.0199999999999818
2017-03-15,854.33,854.45,847.11,852.97,2562176,-1.3600000000000136
2017-03-16,855.3,855.5,850.51,853.42,1842296,-1.8799999999999955
2017-03-17,853.49,853.83,850.64,852.31,3384403,-1.1800000000000637
2017-03-20,851.51,857.8,851.01,856.97,2282727,5.460000000000036
2017-03-21,858.84,862.795,841.31,843.2,4382852,-15.639999999999986
2017-03-22,840.43,849.37,839.05,848.06,2658669,7.6299999999999955
2017-03-23,848.2,850.89,844.8,847.38,1952964,-0.82000000000005
2017-03-24,851.68,851.8,843.53,845.61,2138269,-6.069999999999936
2017-03-27,838.07,850.3,833.5,846.82,2755775,8.75
2017-03-28,851.75,858.46,850.1,856.0,3041633,4.25
2017-03-29,859.05,876.438,859.02,874.32,4485770,15.270000000000095
2017-03-30,874.95,877.06,871.66,876.34,2762730,1.3899999999999864
2017-03-31,877.0,890.35,876.65,886.54,3957612,9.539999999999964
2017-04-03,888.0,893.49,885.42,891.51,3422328,3.509999999999991
2017-04-04,891.5,908.5384,890.28,906.83,4984656,15.330000000000041
2017-04-05,910.82,923.72,905.62,909.28,7508370,-1.5400000000000773
2017-04-06,913.8,917.1899,894.4927,898.28,6344065,-15.519999999999982
2017-04-07,899.65,900.09,889.31,894.88,3707367,-4.769999999999982
2017-04-10,899.63,908.51,899.0,907.04,3184301,7.409999999999968
2017-04-11,907.04,911.24,897.5,902.36,3012743,-4.67999999999995
2017-04-12,903.09,904.09,895.2501,896.23,2456140,-6.860000000000014
2017-04-13,891.45,894.97,884.49,884.67,3174583,-6.780000000000086
2017-04-17,887.5,902.38,887.5,901.99,2854673,14.490000000000009
2017-04-18,900.99,909.61,900.78,903.78,2999238,2.7899999999999636
2017-04-19,907.84,910.5,897.369,899.2,2870242,-8.639999999999986
2017-04-20,899.7,905.32,896.29,902.06,2814441,2.3599999999999
2017-04-21,902.67,903.65,896.77,898.53,2420494,-4.139999999999986
2017-04-24,908.68,909.99,903.82,907.41,3122893,-1.2699999999999818
2017-04-25,907.04,909.48,903.0,907.62,3380639,0.5800000000000409
2017-04-26,910.3,915.749,907.56,909.29,2608948,-1.009999999999991
2017-04-27,914.39,921.86,912.11,918.38,5305543,3.990000000000009
2017-04-28,948.83,949.59,924.3335,924.99,7364681,-23.840000000000032
2017-05-01,927.8,954.4,927.8,948.23,5466544,20.430000000000064
2017-05-02,946.645,950.1,941.413,946.94,3848835,0.29500000000007276
2017-05-03,946.0,946.0,935.9,941.03,3582686,-4.970000000000027
2017-05-04,944.75,945.0,934.215,937.53,2418381,-7.220000000000027
2017-05-05,940.52,940.79,930.3,934.15,2866397,-6.3700000000000045
2017-05-08,940.95,949.05,939.21,949.04,3415731,8.089999999999918
2017-05-09,952.8,957.89,950.2,952.82,3262113,0.020000000000095497
2017-05-10,953.5,953.7499,945.0,948.95,2096512,-4.5499999999999545
2017-05-11,945.11,950.29,940.775,947.62,2194070,2.509999999999991
2017-05-12,954.5,962.79,951.53,961.35,3625857,6.850000000000023
2017-05-15,958.73,963.15,956.055,957.97,4270625,-0.7599999999999909
2017-05-16,961.0,970.06,960.91,966.07,3126051,5.07000000000005
2017-05-17,954.7,960.3957,944.12,944.76,5145578,-9.940000000000055
2017-05-18,944.8,962.75,944.76,958.49,3939347,13.690000000000055
2017-05-19,962.84,968.92,959.72,959.84,3972089,-3.0
2017-05-22,964.0,971.38,962.9,970.67,2642217,6.669999999999959
2017-05-23,975.02,975.2,966.85,971.54,2415594,-3.480000000000018
2017-05-24,976.0,981.0,970.23,980.35,2463052,4.350000000000023
2017-05-25,984.85,999.0,982.11,993.38,4822032,8.529999999999973
2017-05-26,995.0,998.65,989.2491,995.78,3469154,0.7799999999999727
2017-05-30,996.51,1001.2,995.52,996.7,3263069,0.19000000000005457
2017-05-31,1000.0,1000.12,982.16,994.62,3913115,-5.3799999999999955
2017-06-01,998.59,998.99,991.37,995.95,2454841,-2.6399999999999864
2017-06-02,998.99,1008.48,995.67,1006.73,3752328,7.740000000000009
2017-06-05,1007.23,1013.21,1003.51,1011.34,2719859,4.110000000000014
2017-06-06,1012.0,1016.5,1001.25,1003.0,3346432,-9.0
2017-06-07,1005.95,1010.25,1002.0,1010.07,2823041,4.1200000000000045
2017-06-08,1012.06,1013.61,1006.11,1010.27,2767857,-1.7899999999999636
2017-06-09,1012.5,1012.99,927.0,978.31,7647692,-34.190000000000055
2017-06-12,967.0,975.95,945.0,964.91,9447233,-2.090000000000032
2017-06-13,977.99,984.5,966.1,980.79,4580011,2.7999999999999545
2017-06-14,988.59,990.34,966.71,976.47,3974900,-12.120000000000005
2017-06-15,958.7,965.73,950.86,964.17,5373865,5.469999999999914
2017-06-16,996.0,999.75,982.0,987.71,11472662,-8.289999999999964
2017-06-19,1017.0,1017.0,989.9,995.17,5043408,-21.83000000000004
2017-06-20,998.0,1004.88,992.02,992.59,4076828,-5.409999999999968
2017-06-21,998.7,1002.72,992.6518,1002.23,2922473,3.5299999999999727
2017-06-22,1002.23,1006.96,997.2,1001.3,2253433,-0.9300000000000637
2017-06-23,1002.54,1004.62,998.02,1003.74,2879145,1.2000000000000455
2017-06-26,1008.5,1009.8,992.0,993.98,3386157,-14.519999999999982
2017-06-27,990.69,998.8,976.0,976.78,3782389,-13.910000000000082
2017-06-28,978.55,990.68,969.21,990.33,3737567,11.780000000000086
2017-06-29,979.0,987.56,965.25,975.93,4302968,-3.07000000000005
2017-06-30,980.12,983.47,967.61,968.0,3390345,-12.120000000000005
2017-07-03,972.79,974.49,951.0001,953.66,2909108,-19.129999999999995
2017-07-05,961.53,975.0,955.25,971.4,3652955,9.870000000000005
2017-07-06,964.66,974.4,959.02,965.14,3259613,0.4800000000000182
2017-07-07,969.55,980.11,969.14,978.76,2643387,9.210000000000036
2017-07-10,985.0,999.4392,983.5,996.47,3546268,11.470000000000027
2017-07-11,993.0,995.99,983.72,994.13,2982726,1.1299999999999955
2017-07-12,1000.65,1008.55,998.1,1006.51,3608574,5.860000000000014
2017-07-13,1004.62,1006.88,995.9,1000.63,2880769,-3.990000000000009
2017-07-14,1002.4,1004.45,996.89,1001.81,2102469,-0.5900000000000318
2017-07-17,1004.69,1014.75,1003.81,1010.04,3712587,5.349999999999909
2017-07-18,1006.0,1026.03,1004.0,1024.45,4007624,18.450000000000045
2017-07-19,1025.0,1031.59,1022.5,1026.87,2963964,1.8699999999998909
2017-07-20,1031.59,1034.97,1022.51,1028.7,3097487,-2.8899999999998727
2017-07-21,1021.28,1026.1,1011.0,1025.67,2734577,4.3900000000001
2017-07-24,1028.34,1043.01,1027.43,1038.95,3288020,10.610000000000127
2017-07-25,1038.05,1043.33,1032.48,1039.87,2447629,1.8199999999999363
2017-07-26,1043.2,1053.2,1043.2,1052.8,2921253,9.599999999999909
2017-07-27,1069.55,1083.31,1040.18,1046.0,10991715,-23.549999999999955
2017-07-28,1012.14,1032.85,1001.0,1020.04,7709420,7.899999999999977
2017-07-31,1019.05,1019.05,987.02,987.78,7352063,-31.269999999999982
2017-08-01,990.65,995.0,987.14,992.27,2650376,1.6200000000000045
2017-08-02,1001.77,1003.21,981.73,995.89,4069993,-5.8799999999999955
2017-08-03,999.47,999.5,984.59,986.92,3255764,-12.550000000000068
2017-08-04,989.68,991.672,982.0,987.58,2730308,-2.099999999999909
2017-08-07,990.65,995.0,987.14,992.27,2676607,1.6200000000000045
2017-08-08,994.35,996.28,985.79,989.84,2902815,-4.509999999999991
2017-08-09,982.6,988.0,975.27,982.01,3569731,-0.5900000000000318
2017-08-10,976.295,979.86,954.68,956.92,5684068,-19.375
2017-08-11,960.0,970.39,951.38,967.99,3468017,7.990000000000009
2017-08-14,978.41,985.5,976.19,983.3,3172892,4.889999999999986
2017-08-15,988.9,991.74,982.0,982.74,2549295,-6.159999999999968
2017-08-16,981.65,986.4605,973.22,978.18,3132066,-3.4700000000000273
2017-08-17,977.84,977.84,960.32,960.57,3512397,-17.269999999999982
2017-08-18,961.4,965.43,954.65,958.47,3284821,-2.92999999999995
2017-08-21,957.57,961.2,945.46,953.29,3164483,-4.280000000000086
2017-08-22,955.52,967.93,955.495,966.9,2749970,11.379999999999995
2017-08-23,959.38,962.0,954.2,958.0,2668264,-1.3799999999999955
2017-08-24,957.42,959.0,941.14,952.45,5195726,-4.969999999999914
2017-08-25,956.0,957.621,944.1,945.26,3324791,-10.740000000000009
2017-08-28,946.54,953.0,942.25,946.02,2596737,-0.5199999999999818
2017-08-29,940.0,956.0,936.33,954.06,2874299,14.059999999999945
2017-08-30,958.44,969.41,956.9062,967.59,2904604,9.149999999999977
2017-08-31,974.7,981.0,972.76,980.6,3331488,5.899999999999977
2017-09-01,984.2,984.5,976.875,978.25,2535917,-5.9500000000000455
2017-09-05,975.4,976.7699,960.37,965.27,2998649,-10.129999999999995
2017-09-06,968.32,971.84,960.6,967.8,2129861,-0.5200000000000955
2017-09-07,974.0,980.59,972.55,979.47,2566794,5.470000000000027
2017-09-08,979.1,979.88,963.47,965.9,2605322,-13.200000000000045
2017-09-11,974.46,981.94,974.22,977.96,2186666,3.5
2017-09-12,983.27,984.6718,975.517,982.58,2481066,-0.6899999999999409
2017-09-13,983.97,1000.0,979.42,999.6,3374650,15.629999999999995
2017-09-14,996.8,998.56,987.74,992.21,3913263,-4.589999999999918
2017-09-15,993.01,996.25,984.03,986.79,3760183,-6.220000000000027
2017-09-18,990.4,992.7922,968.17,974.19,3411324,-16.209999999999923
2017-09-19,977.25,978.24,967.46,969.86,2671054,-7.389999999999986
2017-09-20,971.79,974.81,962.1626,973.21,2888795,1.4200000000000728
2017-09-21,971.31,971.7,962.02,964.65,2337576,-6.659999999999968
2017-09-22,961.01,965.61,954.42,955.1,2641787,-5.909999999999968
2017-09-25,949.31,949.42,932.89,939.79,5123997,-9.519999999999982
2017-09-26,945.49,948.63,931.75,938.6,3564848,-6.889999999999986
2017-09-27,948.0,955.3,943.3,950.87,3148933,2.8700000000000045
2017-09-28,951.86,959.7,950.101,956.4,2522567,4.539999999999964
2017-09-29,960.11,964.83,958.375,961.35,2543759,1.240000000000009
2017-10-02,964.0,967.305,952.1201,959.19,2442937,-4.809999999999945
2017-10-03,958.0,963.69,950.37,957.1,2666574,-0.8999999999999773
2017-10-04,954.21,967.79,954.05,965.45,2527352,11.240000000000009
2017-10-05,970.0,981.51,969.64,980.85,3229224,10.850000000000023
2017-10-06,975.64,995.75,975.64,989.58,3782067,13.940000000000055
2017-10-09,993.24,998.5,987.5,990.99,2938586,-2.25
2017-10-10,996.67,997.95,980.099,987.2,3084921,-9.469999999999914
2017-10-11,991.27,995.5,986.695,995.0,2337113,3.730000000000018
2017-10-12,996.81,1008.44,992.4,1000.93,4067317,4.1200000000000045
2017-10-13,1007.0,1007.77,1001.03,1002.94,2431462,-4.059999999999945
2017-10-16,1008.44,1009.57,1001.04,1006.34,2008908,-2.1000000000000227
2017-10-17,1005.59,1011.47,1004.38,1009.13,2319742,3.5399999999999636
2017-10-18,1009.27,1022.31,996.55,997.0,2499681,-12.269999999999982
2017-10-19,990.0,991.05,980.24,986.61,3108197,-3.3899999999999864
2017-10-20,993.53,994.62,982.0,982.91,2365122,-10.620000000000005
2017-10-23,986.73,986.775,962.5,966.3,3494100,-20.430000000000064
2017-10-24,969.0,979.85,965.0,975.9,2723935,6.899999999999977
2017-10-25,978.0,984.44,966.24,972.91,3033113,-5.090000000000032
2017-10-26,980.33,982.9,968.55,972.43,5618675,-7.900000000000091
2017-10-27,1058.14,1105.58,1050.55,1100.95,16565021,42.809999999999945
2017-10-30,1095.01,1122.79,1093.56,1110.85,6613064,15.839999999999918
2017-10-31,1109.0,1110.54,1101.12,1105.28,3476967,-3.7200000000000273
2017-11-01,1105.4,1108.97,1096.74,1103.68,3755511,-1.7200000000000273
2017-11-02,1097.81,1101.93,1086.87,1094.22,3684876,-3.589999999999918
2017-11-03,1091.15,1112.68,1088.52,1111.6,3751480,20.449999999999818
2017-11-06,1109.15,1125.41,1108.77,1120.66,3381138,11.509999999999991
2017-11-07,1124.74,1130.6,1117.5,1123.17,2688977,-1.5699999999999363
2017-11-08,1122.82,1135.54,1119.11,1132.88,2581451,10.060000000000173
2017-11-09,1125.96,1129.62,1115.77,1129.13,3725774,3.1700000000000728
2017-11-10,1126.1,1131.75,1124.06,1125.35,2179937,-0.75
2017-11-13,1123.0,1139.9,1122.34,1129.17,2918439,6.170000000000073
2017-11-14,1130.11,1138.0,1123.89,1136.84,3138423,6.730000000000018
2017-11-15,1127.01,1131.75,1121.63,1126.69,3928680,-0.31999999999993634
2017-11-16,1130.16,1138.16,1130.05,1137.29,2213322,7.129999999999882
2017-11-17,1138.28,1138.8,1125.81,1129.88,2413388,-8.399999999999864
2017-11-20,1129.77,1133.42,1122.55,1126.31,2163855,-3.4600000000000364
2017-11-21,1132.86,1140.0,1128.2,1139.49,2479397,6.630000000000109
2017-11-22,1141.0,1160.27,1141.0,1156.16,3555273,15.160000000000082
2017-11-24,1160.7,1186.84,1160.7,1186.0,3528011,25.299999999999955
2017-11-27,1202.66,1213.41,1191.15,1195.83,6744045,-6.830000000000155
2017-11-28,1204.88,1205.34,1188.52,1193.6,4559449,-11.2800000000002
2017-11-29,1194.8,1194.8,1145.19,1161.27,9257512,-33.52999999999997
2017-11-30,1167.1,1178.57,1160.0,1176.75,4509208,9.650000000000091
2017-12-01,1172.05,1179.65,1152.0,1162.35,4107094,-9.700000000000045
2017-12-04,1173.85,1175.2,1128.0,1133.95,5931915,-39.899999999999864
2017-12-05,1128.26,1159.27,1124.74,1141.57,4079774,13.309999999999945
2017-12-06,1137.99,1155.89,1136.08,1152.35,2853316,14.3599999999999
2017-12-07,1156.59,1163.19,1151.0,1159.79,2511569,3.2000000000000455
2017-12-08,1170.4,1172.79,1157.1,1162.0,3050074,-8.400000000000091
2017-12-11,1164.6,1169.9,1157.0,1168.92,2363473,4.320000000000164
2017-12-12,1166.51,1173.6,1161.61,1165.08,2235892,-1.4300000000000637
2017-12-13,1170.0,1170.87,1160.27,1164.13,2616760,-5.869999999999891
2017-12-14,1163.71,1177.93,1162.45,1174.26,3214337,10.549999999999955
2017-12-15,1179.03,1182.75,1169.33,1179.14,4778621,0.11000000000012733
2017-12-18,1187.37,1194.78,1180.91,1190.58,2947625,3.2100000000000364
2017-12-19,1189.15,1192.97,1179.14,1187.38,2587792,-1.7699999999999818
2017-12-20,1190.5,1191.0,1176.0,1177.62,2371166,-12.88000000000011
2017-12-21,1175.9,1179.17,1167.64,1174.76,2123117,-1.1400000000001
2017-12-22,1172.08,1174.62,1167.83,1168.36,1585054,-3.7200000000000273
2017-12-26,1168.36,1178.32,1160.55,1176.76,2005187,8.400000000000091
2017-12-27,1179.91,1187.29,1175.61,1182.26,1867208,2.349999999999909
2017-12-28,1189.0,1190.1,1184.38,1186.1,1841676,-2.900000000000091
2017-12-29,1182.35,1184.0,1167.5,1169.47,2688391,-12.879999999999882
